noise_multiplier,epsilon,mi_accuracy,inversion_error
0.2,312.500000001,0.6875,5.8889776816117845e-06
0.5,50.000000001000004,0.57625,1.4722444204084972e-05
1.0,12.500000001000002,0.5365,2.9444888408169945e-05
2.0,3.1250000010000005,0.5155,5.888977681622887e-05
